<idea-plugin>
    <actions>
        <action id="JsonAssistant.Action.JavaBeanToJson" class="cn.memoryzy.json.actions.JavaBeanToJsonAction">
            <keyboard-shortcut keymap="$default" first-keystroke="alt N"/>
            <keyboard-shortcut keymap="$default" first-keystroke="alt shift N"/>
        </action>

        <action id="JsonAssistant.Action.JsonToJavaBean" class="cn.memoryzy.json.actions.JsonToJavaBeanAction"/>

        <group id="JsonAssistant.Group.JavaBeanToJson">
            <separator/>
            <reference ref="JsonAssistant.Action.JavaBeanToJson"/>
            <separator/>

            <add-to-group group-id="EditorPopupMenu" anchor="first"/>
        </group>

        <group id="JsonAssistant.Group.JsonToJavaBean">
            <separator/>
            <reference ref="JsonAssistant.Action.JsonToJavaBean"/>
            <separator/>

            <add-to-group group-id="NewGroup" relative-to-action="NewFile" anchor="before"/>
        </group>
    </actions>
</idea-plugin>
